<?xml version="1.0" encoding="UTF-8"?>

<configuration scan="true" scanPeriod="60 seconds" debug="false">
    <!-- 定义日志文件 输入位置 -->
    <property name="log_dir" value="../logs/contract" />
    <property name="log_error_dir" value="../logs/healthdata" />
    <!-- 日志最大的历史 文件数量-1 -->
    <!--    <property name="maxHistory" value="2" />-->
    <!-- 格式化输出：%d表示日期，%thread表示线程名，%-5level：级别从左显示5个字符宽度%msg：日志消息，%n是换行符 -->
    <property name="CONSOLE_LOG_PATTERN"
              value="%yellow(%date{yyyy-MM-dd HH:mm:ss}) |%highlight(%-5level) |%blue(%thread) |%blue(%file:%line) |%green(%logger) |%cyan(%msg%n)"/>
    <property name="FILE_LOG_PATTERN"
              value="%d{yyyy-MM-dd HH:mm:ss.SSS} [%thread] %-5level %logger - %msg%n"/>
    <!-- 控制台输出 -->
    <appender name="SYSTEM_STDOUT" class="ch.qos.logback.core.ConsoleAppender">
        <encoder>
            <charset>UTF-8</charset>
            <pattern>${CONSOLE_LOG_PATTERN}</pattern>
        </encoder>
    </appender>
    <!-- 日志文件输出 -->
    <appender name="SYSTEM_FILE" class="ch.qos.logback.core.rolling.RollingFileAppender">
        <!-- 最常用的滚动策略，它根据时间来制定滚动策略.既负责滚动也负责出发滚动 -->
        <rollingPolicy class="ch.qos.logback.core.rolling.TimeBasedRollingPolicy">
            <!--日志输出位置 可相对、和绝对路径 -->
            <fileNamePattern>
                ${log_dir}/%d{yyyy-MM-dd}.%i.log
            </fileNamePattern>
            <!-- 可选节点，控制保留的归档文件的最大数量，超出数量就删除旧文件假设设置每个月滚动，且<maxHistory>是6， 则只保存最近6个月的文件，删除之前的旧文件。注意，删除旧文件是，那些为了归档而创建的目录也会被删除 -->
            <!--            <maxHistory>${maxHistory}</maxHistory>-->
            <timeBasedFileNamingAndTriggeringPolicy class="ch.qos.logback.core.rolling.SizeAndTimeBasedFNATP">
                <maxFileSize>50MB</maxFileSize>
            </timeBasedFileNamingAndTriggeringPolicy>
        </rollingPolicy>
        <encoder>
            <charset>UTF-8</charset>
            <pattern>${FILE_LOG_PATTERN}</pattern>
        </encoder>
    </appender>
    <!-- 输出错误日志-->
    <appender name="SYSTEM_FILE_ERROR" class="ch.qos.logback.core.rolling.RollingFileAppender">
        <filter class="ch.qos.logback.classic.filter.ThresholdFilter">
            <!--设置日志级别,过滤掉info日志,只输入error日志-->
            <level>ERROR</level>
        </filter>
        <rollingPolicy class="ch.qos.logback.core.rolling.TimeBasedRollingPolicy">
            <fileNamePattern>
                ${log_error_dir}/%d{yyyy-MM-dd}-error.%i.log
            </fileNamePattern>
            <timeBasedFileNamingAndTriggeringPolicy class="ch.qos.logback.core.rolling.SizeAndTimeBasedFNATP">
                <maxFileSize>50MB</maxFileSize>
            </timeBasedFileNamingAndTriggeringPolicy>
        </rollingPolicy>
        <encoder>
            <charset>UTF-8</charset>
            <pattern>${FILE_LOG_PATTERN}</pattern>
        </encoder>
    </appender>
    <!--
    <appender name="LOGSTASH" class="net.logstash.logback.appender.LogstashTcpSocketAppender">
        <destination>127.0.0.1:4560</destination>
        <encoder charset="UTF-8" class="net.logstash.logback.encoder.LogstashEncoder" />
    </appender>
    -->
    <!-- 添加监听位置 -->
    <!--    <logger name="com.jsy.community.mapper" level="DEBUG" />-->
    <!-- root级别 -->
    <root level="ERROR">
        <appender-ref ref="SYSTEM_FILE_ERROR" />
    </root>
    <root level="INFO">
        <!-- 文件输出 -->
        <appender-ref ref="SYSTEM_FILE" />
        <appender-ref ref="SYSTEM_STDOUT" />
        <!--<appender-ref ref="LOGSTASH"/>-->
    </root>

</configuration>
