<?xml version="1.0" encoding="UTF-8" ?>
<!DOCTYPE mapper PUBLIC "-//mybatis.org//DTD Mapper 3.0//EN" "http://mybatis.org/dtd/mybatis-3-mapper.dtd" >
<mapper namespace="com.zhsj.community.yanglao_yiliao.old_activity.mapper.ActivityMapper">

    <select id="queryNearbyActivityList"
            parameterType="com.zhsj.community.yanglao_yiliao.old_activity.dto.ActivityReqBo"
            resultType="com.zhsj.community.yanglao_yiliao.old_activity.dto.ActivityDto">
        select t.*, fun_dist(#{longitude}, #{latitude}, t.longitude, t.latitude) as dist
        from t_activity t
        where fun_dist(#{longitude}, #{latitude}, t.longitude, t.latitude) &lt; 10
          and deleted = 1
        having t.publish_time
        order by t.publish_time desc
    </select>



    <select id="pageListed" parameterType="com.zhsj.community.yanglao_yiliao.old_activity.dto.ActivityReqBo"
            resultType="com.zhsj.community.yanglao_yiliao.old_activity.dto.ActivityDto">
        select t.*, fun_dist(#{longitude}, #{latitude}, t.longitude, t.latitude) as dist
        from t_activity t
        where fun_dist(#{longitude}, #{latitude}, t.longitude, t.latitude) &lt; 10
        and deleted = 1
        having t.publish_time
        order by t.publish_time desc
    </select>

    <select id="queryActivityList" resultType="com.zhsj.community.yanglao_yiliao.old_activity.dto.ActivityDto"
            parameterType="com.zhsj.community.yanglao_yiliao.old_activity.dto.ActivityReqBo">
        select temp.*
        from (
                 select t.*,
                        fun_dist(#{longitude}, #{latitude}, t.longitude, t.latitude) as dist,
                        ROW_NUMBER() OVER(PARTITION BY t.user_uuid ORDER BY t.publish_time desc) AS row_num
                 from t_activity t
                 where fun_dist(#{longitude}, #{latitude}, t.longitude, t.latitude) &lt; 10
                   and deleted = 1
                 order by dist) as temp
        where temp.row_num = 1
    </select>

    <select id="likeActivity" resultType="com.zhsj.community.yanglao_yiliao.old_activity.dto.ActivityReqDto">
        select * from t_activity as s
        where deleted = 1
        <if test="likeActivity.activityTypeName !=null and likeActivity.activityTypeName !='' ">
            and s.activity_type_name like concat ('%',#{likeActivity.activityTypeName},'%')
        </if>
        <if test="likeActivity.publishTime !=null and likeActivity.publishTime != '' ">
            and s.publish_time like concat ('%',#{likeActivity.publishTime},'%')
        </if>
        <if test="likeActivity.userName !=null and likeActivity.userName != '' ">
            and s.user_name like concat ('%',#{likeActivity.userName},'%')
        </if>
        <if test="likeActivity.phone !=null and likeActivity.phone != '' ">
            and s.phone like concat ('%',#{likeActivity.phone},'%')
        </if>
        having s.publish_time
        order by s.publish_time desc
    </select>

    <select id="selectgetUserActivityList"
            resultType="com.zhsj.community.yanglao_yiliao.old_activity.dto.ActivityDto">
        select * from t_activity  as t where  user_uuid = #{id}  and deleted = 1 and is_user = 1
        having t.publish_time
        order by t.publish_time desc
    </select>


</mapper>