<?xml version="1.0" encoding="UTF-8" ?>
<!DOCTYPE mapper PUBLIC "-//mybatis.org//DTD Mapper 3.0//EN" "http://mybatis.org/dtd/mybatis-3-mapper.dtd" >
<mapper namespace="com.zhsj.community.yanglao_yiliao.myself.mapper.EventMapper">
    <select id="selectByDate" resultType="com.zhsj.community.yanglao_yiliao.common.entity.EventEntity">
        SELECT
        	te.*
        FROM
        	t_event te
        	JOIN t_event_week tew ON te.id = tew.event_id
        WHERE
        	te.deleted = 0
        	AND tew.deleted = 0
        	AND te.uid = #{uid}
        	AND tew.uid = #{uid}
        	AND tew.week = #{week}
        ORDER BY
        	te.warn_hour,
        	te.warn_minute ASC
    </select>
    <select id="pageList" resultType="com.zhsj.community.yanglao_yiliao.common.entity.EventEntity">
        SELECT
	        *
        FROM
        	t_event te
        WHERE
            ( te.type = 1 AND te.warn_year = #{year} AND te.warn_month = #{month} AND te.warn_day = #{day} and te.deleted=0 and te.uid=#{uid})
        	OR ( te.type = 2 and te.deleted=0 and te.uid=#{uid})
        	OR ( te.type = 3 AND te.warn_week = #{week}  and te.deleted=0 and te.uid=#{uid})
        	OR (te.type = 4 AND te.warn_day = #{day}  and te.deleted=0 and te.uid=#{uid})
        ORDER BY te.warn_hour,te.warn_minute ASC
    </select>
    <select id="selectByDay" resultType="com.zhsj.community.yanglao_yiliao.common.entity.EventEntity">
        SELECT
        	te.*
        FROM
        	t_event te
        	JOIN t_event_week tew ON te.id = tew.event_id
        WHERE
        	te.deleted = 0
        	AND tew.deleted = 0
        	AND te.status = 1
        	AND tew.week = #{week}
        	AND te.warn_hour = #{hour}
        	AND te.warn_minute = #{minute}
    </select>
    <update id="updateByStatus">
        update t_event set push_status = 0 where deleted=0
    </update>

</mapper>